{"cameraMode":{"drawMode":0,"name":"Shaded","section":"Shading Mode"},"sceneLighting":false,"audioPlay":false,"sceneViewState":{"m_AlwaysRefresh":false,"showFog":true,"showSkybox":false,"showFlares":true,"showImageEffects":true,"showParticleSystems":true,"showVisualEffectGraphs":true,"m_FxEnabled":true},"in2DMode":false,"pivot":{"x":-0.0002365410327911377,"y":0.5490904450416565,"z":-0.001088172197341919},"rotation":{"x":-0.05113741010427475,"y":0.16788630187511445,"z":-0.008721867576241494,"w":-0.9844561815261841},"size":0.707916259765625,"orthographic":false}