{"cameraMode":{"drawMode":0,"name":"Shaded","section":"Shading Mode"},"sceneLighting":false,"audioPlay":false,"sceneViewState":{"m_AlwaysRefresh":false,"showFog":true,"showSkybox":false,"showFlares":true,"showImageEffects":true,"showParticleSystems":true,"showVisualEffectGraphs":true,"m_FxEnabled":true},"in2DMode":false,"pivot":{"x":-0.10438033938407898,"y":-0.04881439357995987,"z":0.09905576705932617},"rotation":{"x":0.15098784863948823,"y":-0.3994605243206024,"z":0.06688446551561356,"w":0.9017587304115295},"size":2.4442906379699709,"orthographic":false}