{"cameraMode":{"drawMode":0,"name":"Shaded","section":"Shading Mode"},"sceneLighting":true,"audioPlay":false,"sceneViewState":{"m_AlwaysRefresh":false,"showFog":true,"showSkybox":true,"showFlares":true,"showImageEffects":true,"showParticleSystems":true,"showVisualEffectGraphs":true,"m_FxEnabled":true},"in2DMode":false,"pivot":{"x":0.26798948645591738,"y":1.1353518962860108,"z":-5.275025367736816},"rotation":{"x":0.12508219480514527,"y":0.0002866460126824677,"z":-0.00013750778452958912,"w":0.9922534227371216},"size":0.12644386291503907,"orthographic":false}