{"cameraMode":{"drawMode":0,"name":"Shaded","section":"Shading Mode"},"sceneLighting":true,"audioPlay":false,"sceneViewState":{"m_AlwaysRefresh":false,"showFog":true,"showSkybox":true,"showFlares":true,"showImageEffects":true,"showParticleSystems":true,"showVisualEffectGraphs":true,"m_FxEnabled":true},"in2DMode":false,"pivot":{"x":-0.6750257015228272,"y":2.4303014278411867,"z":-0.7683229446411133},"rotation":{"x":0.013957277871668339,"y":0.13517342507839204,"z":0.002017421880736947,"w":-0.9907819032669067},"size":2.7573904991149904,"orthographic":false}