{"cameraMode":{"drawMode":0,"name":"Shaded","section":"Shading Mode"},"sceneLighting":true,"audioPlay":false,"sceneViewState":{"m_AlwaysRefresh":false,"showFog":true,"showSkybox":true,"showFlares":true,"showImageEffects":true,"showParticleSystems":true,"showVisualEffectGraphs":true,"m_FxEnabled":true},"in2DMode":false,"pivot":{"x":1.1100366115570069,"y":1.623063325881958,"z":-4.58206844329834},"rotation":{"x":0.011164258234202862,"y":-0.9875345826148987,"z":0.1350271999835968,"w":0.08075437694787979},"size":0.7748964428901672,"orthographic":false}