{"cameraMode":{"drawMode":0,"name":"Shaded","section":"Shading Mode"},"sceneLighting":true,"audioPlay":false,"sceneViewState":{"m_AlwaysRefresh":false,"showFog":true,"showSkybox":true,"showFlares":true,"showImageEffects":true,"showParticleSystems":true,"showVisualEffectGraphs":true,"m_FxEnabled":true},"in2DMode":false,"pivot":{"x":0.16122452914714814,"y":1.0071760416030884,"z":-5.023042678833008},"rotation":{"x":0.2310604751110077,"y":0.04405912011861801,"z":-0.010555891320109368,"w":0.9719586968421936},"size":0.7246167659759522,"orthographic":false}