{"cameraMode":{"drawMode":0,"name":"Shaded","section":"Shading Mode"},"sceneLighting":true,"audioPlay":false,"sceneViewState":{"m_AlwaysRefresh":false,"showFog":true,"showSkybox":true,"showFlares":true,"showImageEffects":true,"showParticleSystems":true,"showVisualEffectGraphs":true,"m_FxEnabled":true},"in2DMode":false,"pivot":{"x":-0.5463159084320068,"y":1.1991386413574219,"z":-5.2356438636779789},"rotation":{"x":0.022494440898299218,"y":0.018627900630235673,"z":-0.0004294942191336304,"w":0.9995880722999573},"size":0.21875010430812837,"orthographic":false}