{"cameraMode":{"drawMode":0,"name":"Shaded","section":"Shading Mode"},"sceneLighting":true,"audioPlay":false,"sceneViewState":{"m_AlwaysRefresh":false,"showFog":true,"showSkybox":true,"showFlares":true,"showImageEffects":true,"showParticleSystems":true,"showVisualEffectGraphs":true,"m_FxEnabled":true},"in2DMode":false,"pivot":{"x":427.68536376953127,"y":405.6400146484375,"z":-123.36895751953125},"rotation":{"x":0.03415445610880852,"y":-0.04765647277235985,"z":0.0016304408200085164,"w":0.9982805252075195},"size":415.234619140625,"orthographic":true}