{"cameraMode":{"drawMode":0,"name":"Shaded","section":"Shading Mode"},"sceneLighting":true,"audioPlay":false,"sceneViewState":{"m_AlwaysRefresh":false,"showFog":true,"showSkybox":true,"showFlares":true,"showImageEffects":true,"showParticleSystems":true,"showVisualEffectGraphs":true,"m_FxEnabled":true},"in2DMode":false,"pivot":{"x":-0.042780160903930667,"y":1.2215172052383423,"z":-5.502421855926514},"rotation":{"x":0.14999565482139588,"y":-0.7328186631202698,"z":0.1714380532503128,"w":0.6411672234535217},"size":0.39327099919319155,"orthographic":false}