{"cameraMode":{"drawMode":0,"name":"Shaded","section":"Shading Mode"},"sceneLighting":true,"audioPlay":false,"sceneViewState":{"m_AlwaysRefresh":false,"showFog":true,"showSkybox":true,"showFlares":true,"showImageEffects":true,"showParticleSystems":true,"showVisualEffectGraphs":true,"m_FxEnabled":true},"in2DMode":false,"pivot":{"x":0.7049397826194763,"y":0.9186727404594421,"z":-1.7219066619873047},"rotation":{"x":0.12153363227844238,"y":0.67048180103302,"z":-0.11268050223588944,"w":0.7231830954551697},"size":0.17286308109760285,"orthographic":false}