{"cameraMode":{"drawMode":0,"name":"Shaded","section":"Shading Mode"},"sceneLighting":true,"audioPlay":false,"sceneViewState":{"m_AlwaysRefresh":false,"showFog":true,"showSkybox":true,"showFlares":true,"showImageEffects":true,"showParticleSystems":true,"showVisualEffectGraphs":true,"m_FxEnabled":true},"in2DMode":false,"pivot":{"x":-0.7931928634643555,"y":-0.38377219438552859,"z":1.3068963289260865},"rotation":{"x":0.09137436002492905,"y":0.0009142882190644741,"z":-0.00010619730164762586,"w":0.9958391189575195},"size":0.15370644629001618,"orthographic":false}