{"cameraMode":{"drawMode":0,"name":"Shaded","section":"Shading Mode"},"sceneLighting":true,"audioPlay":false,"sceneViewState":{"m_AlwaysRefresh":false,"showFog":true,"showSkybox":true,"showFlares":true,"showImageEffects":true,"showParticleSystems":true,"showVisualEffectGraphs":true,"m_FxEnabled":true},"in2DMode":false,"pivot":{"x":-0.16786883771419526,"y":1.2541755437850953,"z":-5.353021144866943},"rotation":{"x":0.15767548978328706,"y":-0.028140002861618997,"z":0.004495837725698948,"w":0.9870876669883728},"size":0.08142071217298508,"orthographic":false}