{"cameraMode":{"drawMode":0,"name":"Shaded","section":"Shading Mode"},"sceneLighting":true,"audioPlay":false,"sceneViewState":{"m_AlwaysRefresh":false,"showFog":true,"showSkybox":true,"showFlares":true,"showImageEffects":true,"showParticleSystems":true,"showVisualEffectGraphs":true,"m_FxEnabled":true},"in2DMode":false,"pivot":{"x":-0.2587118446826935,"y":1.0859946012496949,"z":-5.334221363067627},"rotation":{"x":0.16602694988250733,"y":0.08301573991775513,"z":-0.014182597398757935,"w":0.9826090931892395},"size":0.17751017212867738,"orthographic":false}