{"cameraMode":{"drawMode":0,"name":"Shaded","section":"Shading Mode"},"sceneLighting":true,"audioPlay":false,"sceneViewState":{"m_AlwaysRefresh":false,"showFog":true,"showSkybox":true,"showFlares":true,"showImageEffects":true,"showParticleSystems":true,"showVisualEffectGraphs":true,"m_FxEnabled":true},"in2DMode":false,"pivot":{"x":0.3013015389442444,"y":1.1422653198242188,"z":-5.2150468826293949},"rotation":{"x":0.10064277052879334,"y":-0.25927162170410159,"z":0.02706689015030861,"w":0.9602755904197693},"size":0.12644386291503907,"orthographic":false}