{"cameraMode":{"drawMode":0,"name":"Shaded","section":"Shading Mode"},"sceneLighting":false,"audioPlay":false,"sceneViewState":{"m_AlwaysRefresh":false,"showFog":true,"showSkybox":false,"showFlares":true,"showImageEffects":true,"showParticleSystems":true,"showVisualEffectGraphs":true,"m_FxEnabled":true},"in2DMode":false,"pivot":{"x":-0.10909488797187805,"y":0.3097485303878784,"z":0.2059836983680725},"rotation":{"x":0.061035968363285068,"y":-0.9142604470252991,"z":0.15026015043258668,"w":0.3713189959526062},"size":0.28607305884361269,"orthographic":false}